product_id,title,old_type,new_type,success,error
10074458423637,ASICS Gel-1130 Pink Glo/Pure Silver,,Retail Sneakers,True,
10253851787605,Adidas Adizero Evo SL White Purple Lime Burst,,Retail Sneakers,True,
10183941095765,New Balance 740v2 Concord Grape,,Resell Sneakers,True,
10261313749333,Adidas Gazelle Indoor Core Black Cream White Gum,,Retail Sneakers,True,
10136987435349,ASICS Gel-1130 White Restful Teal,,Retail Sneakers,True,
10261565931861,Adidas Mujer Samba XLG Wonder White Core Black Gum,,Retail Sneakers,True,
10279792279893,ASICS  GEL-CUMULUS 16 Port Royal,,Retail Sneakers,True,
10369506705749,Puma Speedcat Ballet Cow Print,,Retail Sneakers,True,
10366564860245,ASICS Gel-NYC Concrete Barely Rose,,Retail Sneakers,True,
10366627053909,ASICS Gel-NYC Mineral Beige,,Retail Sneakers,True,
10385870094677,Adidas Handball Spezial Black Core White Green,,Retail Sneakers,True,
10401747534165,Fakegods Star Boxy Tee White,,Retail Sneakers,True,
10403340386645,Puma Speedcat The Never Worn 5,,Retail Sneakers,True,
10403369451861,Puma Mujer Speedcat Sea Kelp Rose Mauve,,Retail Sneakers,True,
10396926247253,Puma LaMelo Ball LaFrancé Pastel Pink,,Retail Sneakers,True,
10403372433749,Puma Mujer Speedcat Modern Mint Peaceful Blue,,Retail Sneakers,True,
10403405955413,Puma Speedcat Corduroy Dusky Gray,,Retail Sneakers,True,
10403437707605,Puma Speedcat Corduroy Ruby Shimmer,,Retail Sneakers,True,
10403455926613,Adidas Adistar XLG 2.0 Solar Orange,,Retail Sneakers,True,
10403692544341,ASICS Gel-Kayano 14 Cream Pistachio,,Retail Sneakers,True,
10416431300949,ASICS Gel-Kayano 14 Cream Raw Indigo,,Retail Sneakers,True,
10419409912149,Puma Mujer Speedcat Ballet Snakeskin Black Vapor Grey,,Retail Sneakers,True,
10422011855189,ASICS Gel-1130 Cream Beniimo Purple,,Retail Sneakers,True,
10422578118997,ASICS Gel-NYC White Blue Coast,,Retail Sneakers,True,
10437011276117,Adidas Mujer Campus 00s Wonder Quartz Wonder Mauve,,Retail Sneakers,True,
10442709467477,Puma Mujer Speedcat Ballet Python Alpine Snow-Warm White,,Retail Sneakers,True,
10450440913237,ASICS Gel-Kayano 12.1 White Carrier Grey,,Retail Sneakers,True,
10450500190549,ASICS Gel-Kayano 12.1 Cream Carbon,,Retail Sneakers,True,
10653361733973,ASICS Gel-NYC Cream Cement Grey Brown,,Retail Sneakers,True,
10450472206677,ASICS Gel-NYC Loden Green Graphite Grey,,Retail Sneakers,True,
10738901483861,ASICS Gel-Kayano 14 White Light Navy,,Retail Sneakers,True,
10892194709845,Puma Suede Charles F. Stead Orange Glo White,,Retail Sneakers,True,
10892224233813,Puma Suede Charles F. Stead Black White,,Retail Sneakers,True,
10892211290453,Puma Suede Charles F. Stead Honey Butter White,,Retail Sneakers,True,
10278568001877,YUXUS TOASTY HONGDAE JERSEY,,Clothing,True,
10278566920533,YUXUS MONSOON HONGDAE KNITTED ZIP,,Clothing,True,
9129625321813,Yeezy Slide Ochre,,Resell Sneakers,True,
9083702968661,YUXUS DENIM ICONS TEE,,Clothing,True,
10278564397397,YUXUS BLOSSOM ICONS HOODIE,,Clothing,True,
10278565511509,YUXUS LAVA GRAYSCALE ZIP,,Clothing,True,
9089811054933,Yeezy Foam RNNR Sand,,Resell Sneakers,True,
9984068059477,Yeezy Foam RNNR Sulfur,,Resell Sneakers,True,
7544355193002,Yeezy Foam RNNR Stone Sage,,Resell Sneakers,True,
8631854694741,Yeezy Boost 700 V2 Tephra,,Resell Sneakers,True,
7627768660138,Yeezy Boost 350 V2 Mono Cinder,,Resell Sneakers,True,
9014666330453,Yeezy 500 Stone Salt,,Resell Sneakers,True,
8640475955541,WORLDWIDE NEWCOP T-SHIRT,,Clothing,True,
10398710268245,UGG Tasman II Chestnut,,Retail Sneakers,True,
10398709088597,UGG Tasman II Black,,Retail Sneakers,True,
10398788223317,UGG Mujer Tazz Plains Leopard,,Retail Sneakers,True,
10408329445717,UGG Mujer Tazz Sun Stitch,,Retail Sneakers,True,
10398749327701,UGG Mujer Tazz II Sand,,Retail Sneakers,True,
10398752735573,UGG Mujer Tazz II Dried Oregano,,Retail Sneakers,True,
10398750867797,UGG Mujer Tazz II Dark Indigo,,Retail Sneakers,True,
10398758207829,UGG Mujer Tasman Meadow Accent Artichoke,,Retail Sneakers,True,
10398739956053,UGG Mujer Tasman II Sand Dark Cherry,,Retail Sneakers,True,
10398745100629,UGG Mujer Tasman II Dense Smoke,,Retail Sneakers,True,
10408346911061,UGG Mujer Minimel Jasmine,,Retail Sneakers,True,
10398733107541,UGG Mujer Lo Lowmel Mustard Seed,,Retail Sneakers,True,
10398731305301,UGG Mujer Lo Lowmel Jasmine,,Retail Sneakers,True,
10398725996885,UGG Mujer Lo Lowmel Chestnut,,Retail Sneakers,True,
10398711546197,UGG Mujer Goldenstar Clog Sand,,Retail Sneakers,True,
10398719574357,UGG Mujer GoldenGlow Slide Betta Multi,,Retail Sneakers,True,
10398766530901,UGG Mujer Lo Lowmel Mesh Sand Castle Multi,,Retail Sneakers,True,
10398714560853,UGG Mujer GoldenGlow Sea Salt,,Retail Sneakers,True,
10398710759765,UGG Minimel Chestnut,,Retail Sneakers,True,
7652433461418,UGG Classic Ultra Mini Platform Black,,Retail Sneakers,True,
10398706106709,UGG Lo Lowmel Mustard Seed,,Retail Sneakers,True,
10410286350677,UGG Goldenstar Meadow Accent Clog,,Retail Sneakers,True,
10196182794581,Travis Scott x FC Barcelona Jack Football Club Scarf,,Clothing,True,
8961502150997,Travis Scott x KAWS Utopia II Tee Black,,Clothing,True,
10196188856661,Travis Scott x FC Barcelona 1899 Distressed Hat,,Clothing,True,
8806931398997,Travis Scott O2 Live Burning Man T-shirt White,,Clothing,True,
8806930809173,Travis Scott Grin Hoodie Brown,,Clothing,True,
8806933954901,Travis Scott Road To Utopia Las Vegas Lights T-shirt Brown,,Clothing,True,
8806929989973,Travis Scott D.L.T.L.F.R.T. Crewneck Natural,,Clothing,True,
8961500873045,Travis Scott Annihilator Tee Brown,,Clothing,True,
8370571903317,Supreme Yohji Yamamoto TEKKEN Tee Black,,Clothing,True,
9528036491605,Supreme Tyler The Creator Tee Brown,,Clothing,True,
9528038719829,Supreme Tyler The Creator Tee Navy,,Clothing,True,
9169320280405,Supreme Supreme Time Tee Black,,Clothing,True,
9169332437333,Supreme Sailboat Tee White,,Clothing,True,
8770571993429,Supreme NBA Youngboy Tee White,,Clothing,True,
9169330831701,Supreme Sailboat Tee Black,,Clothing,True,
9071451078997,Supreme MM6 Maison Margiela Box Logo Tee White,,Clothing,True,
9173299233109,Supreme Ducati Logo Tee White,,Clothing,True,
9552313975125,Supreme Logo Zippo Red,,Clothing,True,
9180223537493,Supreme Ducati Logo Tee Red,,Clothing,True,
9174517219669,Supreme Ducati Logo Tee Black,,Clothing,True,
9179335197013,Supreme Ducati Bike Tee White,,Clothing,True,
9173296218453,Supreme Ducati Bike Tee Black,,Clothing,True,
7631057256618,Supreme Burberry Box Logo Tee White,,Clothing,True,
8904318320981,Supreme Box Logo Hooded Sweatshirt (FW23) White,,Clothing,True,
8904320090453,Supreme Box Logo Hooded Sweatshirt (FW23) Light Green,,Clothing,True,
8904320876885,Supreme Box Logo Hooded Sweatshirt (FW23) Dark Sand,,Clothing,True,
7661006946474,Supreme Box Logo Crewneck (FW22) Taupe,,Clothing,True,
8368733389141,Supreme André 3000 Tee White,,Clothing,True,
8904320647509,Supreme Box Logo Hooded Sweatshirt (FW23) Black,,Clothing,True,
8368790569301,Supreme “Play Dead” Tee White,,Clothing,True,
9020934848853,STÜSSY TOUGH GEAR TEE WHITE,,Clothing,True,
9019120124245,STÜSSY Regal Crown Pigment Dyed Tee Natural,,Clothing,True,
9027242099029,STÜSSY Regal Crown Pigment Dyed Tee Coral,,Clothing,True,
9019100234069,STÜSSY Men's Tough Gear Hood Black,,Clothing,True,
9019099152725,STÜSSY Men's Embroidered Relaxed Hood Purple,,Clothing,True,
9019097121109,STÜSSY Men's DSM London Zip Hood Black,,Clothing,True,
9019096695125,STÜSSY Men's DSM London Zip Hood Ash Heather,,Clothing,True,
9019998306645,STÜSSY Men's DSM London T-Shirt White,,Clothing,True,
9019134181717,STÜSSY Men's DSM London T-Shirt Navy,,Clothing,True,
9019071693141,STÜSSY Men's DSM London Hood Black,,Clothing,True,
9019126219093,STÜSSY Men's DSM London T-Shirt Fog Grey,,Clothing,True,
9019096301909,STÜSSY Men's DSM London Hood Ash Heather,,Clothing,True,
9019098235221,STÜSSY Men's DSM London Crew Black,,Clothing,True,
9019097678165,STÜSSY Men's DSM London Crew Ash Heather,,Clothing,True,
9019122712917,STÜSSY Dobermans Tee White,,Clothing,True,
9019095875925,STÜSSY Hoodie Fog Grey,,Clothing,True,
9027263594837,STÜSSY Dobermans Tee Black,,Clothing,True,
9026943746389,STÜSSY BASIC STUSSY HOOD NAVY,,Clothing,True,
9035742314837,Stussy Tough Gear Tee Black,,Clothing,True,
9035744903509,Stussy Regal Crown Pigment Dyed T-shirt Indigo,,Clothing,True,
9116954067285,Stussy SURFWALK TEE PIGMENT DYED BLACK,,Clothing,True,
9025702494549,Stussy Fuzzy Dice Tee White,,Clothing,True,
9025701773653,Stussy Fuzzy Dice Tee Black,,Clothing,True,
9160662253909,Stussy Built To Last Pigment Dyed Tee Natural,,Clothing,True,
9160662974805,Stussy Built To Last Pigment Dyed Tee Black,,Clothing,True,
9011713179989,Stussy Basic T-Shirt Black,,Clothing,True,
9011714982229,Stussy Basic Stussy Tee Pigment Dyed Brown,,Clothing,True,
9019136934229,Stussy 8 BALL TEE PIGMENT DYED,,Clothing,True,
9020935962965,Stussy Basic Pig  Dyed Tee Olive,,Clothing,True,
9116949905749,Stussy 8 Ball Pigment Dyed Tee Olive,,Clothing,True,
9766509347157,Sp5der Beluga Hoodie Red,,Clothing,True,
10207307006293,Sonny Angel Hippers 20th,,Clothing,True,
9628895936853,Sonny Angel Hippers Animal,,Clothing,True,
9669808357717,Sonny Angel Hippers Mofusand,,Clothing,True,
9695879070037,Sonny Angel Hippers Harvest,,Clothing,True,
9695947063637,Sonny Angel Hippers Dreaming,,Clothing,True,
8864028459349,Sneaker Freaker - World's Greatest Sneaker Collectors,,Clothing,True,
9708929810773,Sonny Angel Christmas Dinner,,Clothing,True,
10397060399445,SHARK Too Hot For You Pink Top,,Clothing,True,
10397054271829,SHARK Too Hot For You White Top,,Clothing,True,
10397065838933,SHARK Mr. Foreplay Longsleeve,,Clothing,True,
10397078552917,SHARK Make Your Wish Longsleeve,,Clothing,True,
10397071868245,SHARK Luck Is Overrated Hoodie,,Clothing,True,
8361997369685,SB Dunk Low Pro QS Fly Streetwear,,Resell Sneakers,True,
10397051945301,SHARK Liquid Black Tee,,Clothing,True,
8358036865365,SB Dunk Low Mummy,,Resell Sneakers,True,
10397052567893,SHARK Foreplayers Pink Tee,,Clothing,True,
9134659993941,RUSTY ALCATRAZ TEE BLACK,,Clothing,True,
9107108528469,SB Dunk Low Ben & Jerry's Chunky Dunky,,Resell Sneakers,True,
8822728032597,REVENGE 'KILL' HOODIE Top Men Black Orange,,Clothing,True,
10376933278037,PUMA x REPRESENT Oversized Hoodie,,Clothing,True,
10376932360533,PUMA x REPRESENT Oversized Tee,,Clothing,True,
10376929509717,PUMA Oversized Shorts x Represent Grey,,Retail Sneakers,True,
10322319769941,Puma Speedcat Wedge Totally Taupe Chocolate,,Clothing,True,
10376930263381,PUMA Oversized Shorts x Represent Black,,Retail Sneakers,True,
10137982959957,Puma Mujer Speedcat Go Red White,,Retail Sneakers,True,
10376889303381,Puma Mujer Speedcat Ballet Black Mauve Mist,,Retail Sneakers,True,
10426546848085,Puma Mujer Speedcat Ballet Snakeskin Cool Dark Gray,,Retail Sneakers,True,
10204447408469,Puma Mujer Speedcat Ballet Silver,,Retail Sneakers,True,
10204369879381,Puma Mujer Speedcat OG Cow Print,,Retail Sneakers,True,
9961296429397,Puma Mujer Palermo Premium Warm White Alpine Snow Gum,,Retail Sneakers,True,
10376895332693,Puma MagMax Nitro 2 New Navy Blue Jewel,,Retail Sneakers,True,
10376900051285,Puma MagMax Nitro 2 New Gray,,Retail Sneakers,True,
10223295922517,Puma LaMelo Ball LaFrancé Oak Tree,,Retail Sneakers,True,
10283409244501,Puma LaMelo Ball LaFrancé Bright Lights,,Retail Sneakers,True,
10117266964821,Puma LaMelo Ball LaFrancé Amour For All Time Red,,Retail Sneakers,True,
9561827213653,Puma LaMelo Ball LaFrancé Amour,,Retail Sneakers,True,
11042079572309,Puma Deviate Nitro 4 Jasmine Flower Pearl Pink,,Retail Sneakers,True,
11042046476629,Puma Deviate Nitro 4 Alpine Snow Warm White,,Retail Sneakers,True,
10090355032405,Puma LAFRANCÉ HEEM Tee Black,,Retail Sneakers,True,
9124925079893,Palace x Evisu Logo T-Shirt Black,,Clothing,True,
10224923607381,Puma Arizona Premium Alpine Snow,,Retail Sneakers,True,
9124983112021,Palace x Evisu Cowichan Knit Black,,Clothing,True,
9865219637589,Pokémon Scarlet & Violet,,Clothing,True,
8357659476309,Palace Lique T-shirt Dark Green,,Clothing,True,
8628966097237,PALACE ALFRESCO T-SHIRT WHITE,,Clothing,True,
9609642344789,Onitsuka Tiger Mexico 66 White Blue Red,,Resell Sneakers,True,
9831378354517,Nike Total 90 3 SP Bordeaux,,Resell Sneakers,True,
9664525205845,Nike Sportswear Tech Fleece x Central Cee Joggers,,Resell Sneakers,True,
9609627631957,Onitsuka Tiger Mexico 66 Birch Peacoat,,Resell Sneakers,True,
8360438661461,Nike SB Dunk Low Sandy Bodecker,,Resell Sneakers,True,
7621753536682,Nike SB Dunk Low What The Paul,,Resell Sneakers,True,
8786709610837,Nike SB Dunk Low Pro Iso Court Purple,,Resell Sneakers,True,
8773181931861,Nike Dunk Low Union Passport Pack Court Purple,,Resell Sneakers,True,
8603106935125,Nike Dunk Low Off-White Lot 45,,Resell Sneakers,True,
7627051991210,Nike Dunk Low Fleece Green,,Resell Sneakers,True,
8772044390741,Nike Dunk Low 85 'Athletic Department',,Resell Sneakers,True,
10131808846165,Nike Air Force 1 Low Triple White Lanvin Laces Red,,Resell Sneakers,True,
7677560324266,NEWCOP Token - Limited Ed.,,Clothing,True,
7677576544426,NEWCOP Token - Limited Ed.,,Clothing,True,
7597852623018,NEWCOP T-SHIRT,,Clothing,True,
10447453323605,Nike Air Force 1 Low Syna Central Cee Black White Smoke Grey,,Resell Sneakers,True,
7687403471018,Newcop Gift Card,,Clothing,True,
9089656521045,New Balance 530 White Grey,,Resell Sneakers,True,
10019476832597,Newcop Five More Minutes,,Clothing,True,
9089191051605,New Balance 9060 Vintage Indigo,,Resell Sneakers,True,
9855864144213,Newcop Dubai Tee,,Clothing,True,
8775375814997,New Balance 2002R Protection Pack Lunar New Year Dusty Lilac,,Resell Sneakers,True,
10245382439253,New Balance 204L Pastel Pink,,Resell Sneakers,True,
8359244857685,New Balance 2002R Protection Pack Grey,,Resell Sneakers,True,
8359239647573,New Balance 2002R Protection Pack Driftwood,,Resell Sneakers,True,
8775376470357,New Balance 1906D Protection Pack Black,,Resell Sneakers,True,
7627769217194,Jordan 1 Retro High Fearless UNC Chicago,,Clothing,True,
8869843599701,Jordan 1 Mid White Sky J Purple,,Resell Sneakers,True,
9104958325077,Lengüetas tito,,Clothing,True,
10054090064213,KAWS x Uniqlo Flayed Tee,,Clothing,True,
8869820662101,Jordan 1 Low Galactic Jade,,Resell Sneakers,True,
8368087073109,GIGANTIC T-SHIRT PALACE,,Clothing,True,
9134662844757,HALFTONE ISLAND TEE,,Clothing,True,
8804903715157,Hoodie Ami White Big Heart,,Clothing,True,
9744457204053,JEAN ZIPPED LL2000316 - BLACK,,Clothing,True,
10013419340117,Fuzzy Thick Laces,,Clothing,True,
7621739184298,FG Shorts Cream/Buttercream,,Clothing,True,
10430259757397,Fear Of God Essentials T-shirt Off Black,,Clothing,True,
10430244815189,Fear Of God Essentials Sweatpants Dark Oatmeal,,Clothing,True,
10430243668309,Fear Of God Essentials Sweatpants Fleece Black White,,Clothing,True,
10430260150613,Fear Of God Essentials Hoodie 1977 Iron,,Clothing,True,
10333417832789,Fear Of God Essentials Fleece Hoodie Heather Gray,,Clothing,True,
10094070268245,Fakegods Star Boxy Tee Navy,,Clothing,True,
10267936325973,Fakegods Star Zipper Black,,Clothing,True,
10267926331733,Fakegods Star Hoodie Grey Melange,,Clothing,True,
10094069711189,Fakegods Back To Basics Tee Navy,,Clothing,True,
8826242662741,Dunk Low Vintage Panda,,Resell Sneakers,True,
9078979166549,Dunk Low Valentine's Day,,Resell Sneakers,True,
10199293329749,Fakegods Valentines Knitted Sweater Light Grey,,Clothing,True,
8775377387861,Dunk Low Stencil Swoosh,,Resell Sneakers,True,
9088611254613,Dunk Low SP Syracuse,,Resell Sneakers,True,
7627323637930,Dunk Low Retro White Grey,,Resell Sneakers,True,
7544346345642,Dunk Low Reverse Kentucky,,Resell Sneakers,True,
9088610664789,Dunk Low Retro Summit White Light Smoke Grey,,Resell Sneakers,True,
8775378993493,Dunk Low Retro Gorge Green,,Resell Sneakers,True,
7618974089386,Dunk Low QS LeBron James Fruity Pebbles,,Resell Sneakers,True,
9088609681749,Dunk Low PRM Red Stardust,,Resell Sneakers,True,
7664534421674,Dunk Low Off-White Lot 32,,Resell Sneakers,True,
7622417023146,Dunk Low Off-White Lot 25,,Resell Sneakers,True,
7622415777962,Dunk Low Off-White Lot 24,,Resell Sneakers,True,
7544370364586,Dunk Low Ocean,,Resell Sneakers,True,
7626556014762,Dunk Low Next Nature White Black Panda,,Resell Sneakers,True,
7544386420906,Dunk Low Next Nature Lilac,,Resell Sneakers,True,
8894207852885,Dunk Low Next Nature Beige Sail,,Resell Sneakers,True,
7544393433258,Dunk Low Next Nature Homer Simpson,,Resell Sneakers,True,
9141476950357,Dunk Low NBA Paris,,Resell Sneakers,True,
9090452783445,Dunk Low LX Barbie (Women's),,Resell Sneakers,True,
9155887563093,Dunk Low Mica Green,,Resell Sneakers,True,
7618976678058,Dunk Low Light Iron Ore Black,,Resell Sneakers,True,
7606444163242,Dunk Low Halloween (2022),,Resell Sneakers,True,
8771169026389,Dunk Low Hyper Cobalt,,Resell Sneakers,True,
8911634301269,Dunk Low Brown Plaid,,Resell Sneakers,True,
8765711843669,Dunk Low Cracked Orange,,Resell Sneakers,True,
7618971828394,Dunk Low Arizona State,,Resell Sneakers,True,
10204417655125,Denim Tears The Cotton Wreath Sweatpants Pink,,Clothing,True,
10191298396501,Denim Tears The Cotton Wreath Sweatpants Grey,,Clothing,True,
9696165167445,Denim Tears The Cotton Wreath Sweatpants Brown,,Clothing,True,
9696166150485,Denim Tears The Cotton Wreath Sweatpants Green,,Clothing,True,
9696164610389,Denim Tears The Cotton Wreath Sweatpants Blue,,Clothing,True,
10204420997461,Denim Tears Cotton Wreath Sweatpants Navy,,Clothing,True,
10191298232661,Denim Tears The Cotton Wreath Sweatpants Black,,Clothing,True,
10201201803605,Denim Tears Cotton Wreath Sweatpants Black Monochrome,,Clothing,True,
10021682118997,Denim Tears The Cotton Wreath Shorts Pink,,Clothing,True,
8770524938581,Crep Protect The Ultimate Box Pack,,Clothing,True,
9022472749397,Crep  Protect Towel,,Clothing,True,
10204420112725,Denim Tears Cotton Wreath Hoodie Navy,,Clothing,True,
7639422894250,Crep Protect Crep Pill,,Clothing,True,
9813353365845,Corteiz x Cental Cee Cant Rush Greatness Tee Black,,Clothing,True,
9124939727189,Corteiz Nylon Cargo Shorts Black,,Clothing,True,
9592667046229,CORDUROY S LOGO 6-PANEL BLACK,,Clothing,True,
9091588030805,Cap Focus Blue Bird Vision,,Clothing,True,
9091590324565,Cap Focus Black V2,,Clothing,True,
9091585933653,Cap Repeat Celadon Green V3,,Clothing,True,
8825491620181,Camiseta FC Barcelona x Patta en color negro,,Clothing,True,
10351904293205,Bratz Bratziez Iconz Seriez Plush Keychain Single Blind Box,,Clothing,True,
9470481793365,Birkenstock Boston Soft Footbed Suede Mink,,Resell Sneakers,True,
8755472105813,Bearbrick Series,,Clothing,True,
9775043739989,Birkenstock Arizona Birko Flor Black Foot Bed,,Resell Sneakers,True,
10325795832149,ASICS GT-2160 White Shamrock Green,,Retail Sneakers,True,
10289201086805,ASICS GT-2160 Black Pure Silver,,Retail Sneakers,True,
10308607738197,Asics GT-2160 White Oxblood,,Retail Sneakers,True,
10308609933653,ASICS Gel-NYC Graphite Grey Black,,Retail Sneakers,True,
9904198582613,ASICS Gel-NYC Cream Rose Water,,Retail Sneakers,True,
10276556374357,ASICS Gel-NYC Airy Blue Stone Wash,,Retail Sneakers,True,
10360761844053,ASICS Gel-NYC Cream Cloud Grey Blue,,Retail Sneakers,True,
10137006506325,ASICS Gel-Kayano 14 White Graphite Grey,,Retail Sneakers,True,
10401088242005,ASICS Gel-Kayano 20 Black Clay Grey,,Retail Sneakers,True,
10328789287253,ASICS Gel-Kayano 14 Metropolis Jasper Green,,Retail Sneakers,True,
10269868261717,ASICS Gel-Kayano 14 Dried Leaf Green Pure Silver,,Retail Sneakers,True,
10296069751125,ASICS GEL-Kayano 14 Cream Sweet Pink,,Retail Sneakers,True,
10388568965461,ASICS Gel-Kayano 14 Cloud Grey,,Retail Sneakers,True,
10360765481301,ASICS Gel-Kayano 14 Birch Pure Silver Teal Gold,,Retail Sneakers,True,
10289188536661,ASICS Gel-Kayano 12.1 Silver Ice Blue,,Retail Sneakers,True,
10289212621141,ASICS Gel-Kayano 12.1 Black Pure Silver,,Retail Sneakers,True,
10336601571669,ASICS Gel-Kayano 12.1 Silver Burgundy,,Retail Sneakers,True,
10308356669781,ASICS Gel-Cumulus 16 White,,Retail Sneakers,True,
10308295950677,ASICS Gel-1130 White Dusty Purple,,Retail Sneakers,True,
9134661927253,ALLSTARZ EUROS TEE BLACK,,Clothing,True,
10223319482709,ASICS Gel Kayano 14 Arctic Sky Pure Silver,,Retail Sneakers,True,
10419635945813,ALLSAINTS Underground Oversized Crew Neck T-Shirt Jet Black,,Clothing,True,
10419643777365,ALLSAINTS Underground Oversized Crew Neck T-Shirt Ashen White,,Clothing,True,
10419576471893,ALLSAINTS Underground Relaxed Fit Crew Neck Sweatshirt,,Clothing,True,
10419445104981,ALLSAINTS Redact Oversized Embroidered Logo T-Shirt Washed Black,,Clothing,True,
10419466535253,ALLSAINTS Redact Oversized Embroidered Logo T-Shirt Ashen White,,Clothing,True,
10419405750613,ALLSAINTS Redact Pullover Embroidered Logo Hoodie Washed Black,,Clothing,True,
10419619758421,ALLSAINTS Orlando Logo Print Oversized T-Shirt Jet Black,,Clothing,True,
10419627786581,ALLSAINTS Orlando Logo Print Oversized T-Shirt Ashen White,,Clothing,True,
8775466320213,Air Max 90 Off White Black,,Resell Sneakers,True,
10419592692053,ALLSAINTS Halcyon Short Sleeve Crew T-Shirt Garnet Green,,Clothing,True,
10419543179605,ALLSAINTS Halcyon Hoodie Light Grey Marl,,Clothing,True,
10419606618453,ALLSAINTS Anatomica Oversized T-Shirt Washed Black,,Clothing,True,
7544353161386,Air Jordan 4 Zen Master,,Resell Sneakers,True,
7544357814442,Air Jordan 4 Sail Canvas,,Resell Sneakers,True,
10607889547605,Air Jordan 5 Retro Wolf Grey,,Resell Sneakers,True,
9085412573525,Air Jordan 3 Retro Midnight Navy,,Resell Sneakers,True,
10415902884181,Air Jordan 4 Retro Valentine's Day Sierra Red,,Resell Sneakers,True,
8630873981269,Air Jordan 1 Zoom CMFT 2 Teyana Taylor A Rose From Harlem,,Resell Sneakers,True,
8856217387349,Air Jordan 11 Retro Neapolitan,,Resell Sneakers,True,
10444328927573,Air Jordan 3 Retro Levi’s Indigo,,Resell Sneakers,True,
7641815449770,Air Jordan 1 Retro Low OG Zion Williamson Voodoo,,Resell Sneakers,True,
9107108462933,Air Jordan 1 Retro High OG SP Travis Scott Mocha,,Resell Sneakers,True,
8765715710293,Air Jordan 1 Retro Low OG Black Toe,,Resell Sneakers,True,
9138946736469,Air Jordan 1 Retro High OG Green Glow,,Resell Sneakers,True,
8795099136341,Air Jordan 1 Retro High OG Palomino,,Resell Sneakers,True,
7629898940586,Air Jordan 1 Retro High J Balvin,,Resell Sneakers,True,
10444328796501,Air Jordan 1 Retro High OG SP Fragment x Union LA Varsity Red Sport Royal,,Resell Sneakers,True,
9088458522965,Air Jordan 1 Mid Reverse Panda,,Resell Sneakers,True,
7688817574058,Air Jordan 1 Retro High 85 OG Black White,,Resell Sneakers,True,
8960057704789,Air Jordan 1 Mid SE White Dune Red,,Resell Sneakers,True,
8772239229269,Air Jordan 1 Mid Paint Drip,,Resell Sneakers,True,
7544351948970,Air Jordan 1 Mid Light Madder Root,,Resell Sneakers,True,
7684643029162,Air Jordan 1 Mid Orange Suede,,Resell Sneakers,True,
8957228712277,Air Jordan 1 Mid Diffused Blue,,Resell Sneakers,True,
9078994927957,Air Jordan 1 Mid Aquatone,,Resell Sneakers,True,
9088452460885,Air Jordan 1 Mid Alternate Bred Toe,,Resell Sneakers,True,
7662184464554,Air Jordan 1 Low True Blue,,Resell Sneakers,True,
7674631323818,Air Jordan 1 Low SE Craft Sail Taupe Haze,,Resell Sneakers,True,
7544360566954,Air Jordan 1 Low OG Bleached Coral,,Resell Sneakers,True,
8984284201301,Air Jordan 1 Low Alternate Royal Toe,,Resell Sneakers,True,
8823697768789,Air Jordan 1 Low Golf Travis Scott Neutral Olive,,Resell Sneakers,True,
8772132340053,Air Jordan 1 High OG Washed Black,,Resell Sneakers,True,
7707396538538,Air Force 1 X Newcop,,Resell Sneakers,True,
8772243358037,Air Force 1 Low Supreme Wheat,,Resell Sneakers,True,
7544395104426,Air Jordan 1 High OG Denim,,Resell Sneakers,True,
8624699048277,Air Force 1 Low SP Tiffany And Co.,,Resell Sneakers,True,
7703578280106,Air Force 1 Low Ambush Phantom,,Resell Sneakers,True,
9138949062997,Air Force 1 '07 SE Next Nature Sail Liquid Metal,,Resell Sneakers,True,
7703584506026,Air Force 1 Low Ambush Black,,Resell Sneakers,True,
8978023940437,Air Force 1 '07 Black,,Resell Sneakers,True,
10426561855829,Adidas SL 72 RS Jamaica Football Federation x Bob Marley Black,,Retail Sneakers,True,
10426569359701,Adidas SL 72 RS Jamaica Football Federation x Bob Marley Yellow,,Retail Sneakers,True,
8581797380437,Adidas Samba Vegan White Gum,,Resell Sneakers,True,
8588788269397,Adidas Samba Vegan Black Gum,,Resell Sneakers,True,
9088439910741,Adidas Samba OG Wonder Silver,,Resell Sneakers,True,
8856486216021,Adidas Samba OG White Red,,Resell Sneakers,True,
9087230869845,Adidas Samba OG White Energy Ink Gum (Women's),,Resell Sneakers,True,
8856472584533,Adidas Samba OG Silver Green,,Resell Sneakers,True,
10392215224661,Adidas Samba OG Valentine's Day,,Retail Sneakers,True,
9087221367125,Adidas Samba OG Silver Dawn Chalk (Women's),,Resell Sneakers,True,
8892202713429,Adidas Samba OG Night Navy Cream White Gum,,Resell Sneakers,True,
10878283546965,Adidas Samba OG Night Marine Stars,,Resell Sneakers,True,
9015400366421,Adidas Samba OG Luxe Preloved Brown,,Resell Sneakers,True,
8856478777685,Adidas Samba OG Core White Halo Blue,,Resell Sneakers,True,
8892207595861,Adidas Samba Nylon Wales Bonner Fox Brown,,Resell Sneakers,True,
8892204482901,Adidas Samba Nylon Wales Bonner Dark Brown,,Resell Sneakers,True,
9104805888341,Adidas Samba Inter Miami CF Messi Pink,,Resell Sneakers,True,
8892205662549,Adidas Samba Nylon Wales Bonner Core Black,,Resell Sneakers,True,
8907926602069,Adidas Samba Nylon Wales Bonner Cream White,,Resell Sneakers,True,
8912726688085,Adidas Samba Deco SPZL Brown,,Resell Sneakers,True,
8892208939349,Adidas Samba Consortium Cup Nice Kicks,,Resell Sneakers,True,
8863946637653,Adidas Originals x Sean Wotherspoon Gazelle Indoor,,Resell Sneakers,True,
10392220434773,Adidas Mujer SL 72 OG Pink Spark Shadow Red,,Retail Sneakers,True,
10392231313749,Adidas Mujer SL 72 OG Leopard Magic,,Retail Sneakers,True,
10392213389653,Adidas Mujer SL 72 OG Burdeos Pink,,Retail Sneakers,True,
10392223285589,Adidas Mujer Samba OG Pink Spark Shadow Red,,Retail Sneakers,True,
10392228692309,Adidas Mujer Handball Spezial Leopard Magic Beige,,Retail Sneakers,True,
10392226038101,Adidas Mujer Gazelle Low Pro Ivory White,,Retail Sneakers,True,
10392233935189,Adidas Mujer Gazelle Lo Pro Leopard Magic Beige,,Retail Sneakers,True,
9609558163797,Adidas Handball Spezial Silver Pebble,,Retail Sneakers,True,
10392236261717,Adidas Handball Spezial Valentine's Day,,Retail Sneakers,True,
10392217715029,Adidas Mujer Campus 00s Beige,,Retail Sneakers,True,
8912716857685,Adidas Handball Spezial Light Blue Wonder Clay,,Retail Sneakers,True,
9058179219797,Adidas Handball Spezial Grey Two Hi-Res Red,,Retail Sneakers,True,
8825434702165,Adidas Gazelle Indoor Bright Yellow Burgundy,,Resell Sneakers,True,
8887745577301,Adidas Handball Spezial Collegiate Green Gum,,Retail Sneakers,True,
8931051569493,Adidas Gazelle Indoor Collegiate Green Gum,,Resell Sneakers,True,
9087219171669,Adidas Gazelle Indoor Blue Bird Gum,,Resell Sneakers,True,
8844678725973,Adidas Gazelle Indoor Black White Gum,,Resell Sneakers,True,
8912733208917,Adidas Gazelle Bold Super Pop Pink,,Resell Sneakers,True,
8844682428757,Adidas Gazelle Indoor Black Almost Yellow Gum,,Resell Sneakers,True,
9162067181909,Adidas Gazelle Indoor Beam Pink,,Resell Sneakers,True,
8912732160341,Adidas Gazelle Bold Clear Sky,,Resell Sneakers,True,
8887767990613,Adidas Campus 00s Spice Yellow,,Resell Sneakers,True,
8588781453653,Adidas Campus Light 'Bad Bunny - Wild Moss',,Resell Sneakers,True,
8864034750805,Adidas Forum Low The Simpsons Living Room,,Resell Sneakers,True,
8887766516053,Adidas Campus 00s Pink Strata,,Resell Sneakers,True,
8887748919637,Adidas Campus 00s Pantone Cloud White,,Resell Sneakers,True,
8994704949589,Adidas Campus 00s Light Grey,,Resell Sneakers,True,
8844695241045,Adidas Campus 00s KoRn,,Resell Sneakers,True,
8770576482645,Adidas Campus 00s J Beige White,,Resell Sneakers,True,
8770577400149,Adidas Campus 00s J Black Pink,,Resell Sneakers,True,
8887754621269,Adidas Campus 00s Green Cloud White,,Resell Sneakers,True,
8912718233941,Adidas Campus 00s Charcoal Black,,Resell Sneakers,True,
8940185846101,Adidas Campus 00s Charcoal,,Resell Sneakers,True,
7616943358122,2002R Protection Pack Pink,,Resell Sneakers,True,
7616943784106,2002R Protection Pack Light Arctic Grey Purple,,Resell Sneakers,True,
8909737197909,Adidas Campus 00s Bark,,Resell Sneakers,True,
